[{"model": "locksmith_picks_app.team", "pk": 1, "fields": {"name": "ATL"}}, {"model": "locksmith_picks_app.team", "pk": 2, "fields": {"name": "BOS"}}, {"model": "locksmith_picks_app.team", "pk": 3, "fields": {"name": "BRK"}}, {"model": "locksmith_picks_app.team", "pk": 4, "fields": {"name": "CHA"}}, {"model": "locksmith_picks_app.team", "pk": 5, "fields": {"name": "CHI"}}, {"model": "locksmith_picks_app.team", "pk": 6, "fields": {"name": "CLE"}}, {"model": "locksmith_picks_app.team", "pk": 7, "fields": {"name": "DAL"}}, {"model": "locksmith_picks_app.team", "pk": 8, "fields": {"name": "DEN"}}, {"model": "locksmith_picks_app.team", "pk": 9, "fields": {"name": "GSW"}}, {"model": "locksmith_picks_app.team", "pk": 10, "fields": {"name": "HOU"}}, {"model": "locksmith_picks_app.team", "pk": 11, "fields": {"name": "IND"}}, {"model": "locksmith_picks_app.team", "pk": 12, "fields": {"name": "LAC"}}, {"model": "locksmith_picks_app.team", "pk": 13, "fields": {"name": "LAL"}}, {"model": "locksmith_picks_app.team", "pk": 14, "fields": {"name": "MEM"}}, {"model": "locksmith_picks_app.team", "pk": 15, "fields": {"name": "MIA"}}, {"model": "locksmith_picks_app.team", "pk": 16, "fields": {"name": "MIL"}}, {"model": "locksmith_picks_app.team", "pk": 17, "fields": {"name": "MIN"}}, {"model": "locksmith_picks_app.team", "pk": 18, "fields": {"name": "NOP"}}, {"model": "locksmith_picks_app.team", "pk": 19, "fields": {"name": "NYK"}}, {"model": "locksmith_picks_app.team", "pk": 20, "fields": {"name": "OKC"}}, {"model": "locksmith_picks_app.team", "pk": 21, "fields": {"name": "ORL"}}, {"model": "locksmith_picks_app.team", "pk": 22, "fields": {"name": "PHI"}}, {"model": "locksmith_picks_app.team", "pk": 23, "fields": {"name": "PHX"}}, {"model": "locksmith_picks_app.team", "pk": 24, "fields": {"name": "POR"}}, {"model": "locksmith_picks_app.team", "pk": 25, "fields": {"name": "SAC"}}, {"model": "locksmith_picks_app.team", "pk": 26, "fields": {"name": "SAS"}}, {"model": "locksmith_picks_app.team", "pk": 27, "fields": {"name": "TOR"}}, {"model": "locksmith_picks_app.team", "pk": 28, "fields": {"name": "UTA"}}, {"model": "locksmith_picks_app.team", "pk": 29, "fields": {"name": "WAS"}}, {"model": "locksmith_picks_app.team", "pk": 30, "fields": {"name": "DET"}}, {"model": "locksmith_picks_app.player", "pk": 891, "fields": {"name": "Shai Gilgeous-Alexander", "position": "PG", "ppg": 32.7, "rpg": 5.0, "apg": 6.4, "spg": 1.2, "bpg": 0.5, "ppg10": 30.0, "rpg10": 5.0, "apg10": 6.3, "spg10": 1.6, "bpg10": 1.2, "team": 20}}, {"model": "locksmith_picks_app.player", "pk": 892, "fields": {"name": "Donovan Mitchell", "position": "SG", "ppg": 24.0, "rpg": 4.5, "apg": 5.0, "spg": 1.3, "bpg": 0.2, "ppg10": 28.5, "rpg10": 4.8, "apg10": 4.1, "spg10": 1.9, "bpg10": 0.3, "team": 6}}, {"model": "locksmith_picks_app.player", "pk": 893, "fields": {"name": "LeBron James", "position": "SF", "ppg": 24.4, "rpg": 7.8, "apg": 8.2, "spg": 1.0, "bpg": 0.6, "ppg10": 24.2, "rpg10": 6.6, "apg10": 5.7, "spg10": 1.6, "bpg10": 0.9, "team": 13}}, {"model": "locksmith_picks_app.player", "pk": 894, "fields": {"name": "Giannis Antetokounmpo", "position": "PF", "ppg": 30.4, "rpg": 11.9, "apg": 6.5, "spg": 0.9, "bpg": 1.2, "ppg10": 31.9, "rpg10": 14.4, "apg10": 9.3, "spg10": 0.9, "bpg10": 1.0, "team": 16}}, {"model": "locksmith_picks_app.player", "pk": 895, "fields": {"name": "Nikola Jokic", "position": "C", "ppg": 29.6, "rpg": 12.7, "apg": 10.2, "spg": 1.8, "bpg": 0.6, "ppg10": 25.3, "rpg10": 12.4, "apg10": 6.9, "spg10": 1.9, "bpg10": 1.0, "team": 8}}, {"model": "locksmith_picks_app.player", "pk": 896, "fields": {"name": "Tyrese Haliburton", "position": "PG", "ppg": 18.6, "rpg": 3.5, "apg": 9.2, "spg": 1.4, "bpg": 0.7, "ppg10": 15.9, "rpg10": 5.2, "apg10": 7.5, "spg10": 1.7, "bpg10": 0.6, "team": 11}}, {"model": "locksmith_picks_app.player", "pk": 897, "fields": {"name": "Anthony Edwards", "position": "SG", "ppg": 27.6, "rpg": 5.7, "apg": 4.5, "spg": 1.2, "bpg": 0.6, "ppg10": 24.6, "rpg10": 7.5, "apg10": 5.1, "spg10": 1.1, "bpg10": 0.9, "team": 17}}, {"model": "locksmith_picks_app.player", "pk": 898, "fields": {"name": "Jayson Tatum", "position": "SF", "ppg": 26.8, "rpg": 8.7, "apg": 6.0, "spg": 1.1, "bpg": 0.5, "ppg10": 27.3, "rpg10": 10.7, "apg10": 5.6, "spg10": 1.8, "bpg10": 0.7, "team": 2}}, {"model": "locksmith_picks_app.player", "pk": 899, "fields": {"name": "Kevin Durant", "position": "PF", "ppg": 26.6, "rpg": 6.0, "apg": 4.2, "spg": 0.8, "bpg": 1.2, "ppg10": 24.6, "rpg10": 5.5, "apg10": 3.7, "spg10": 0.6, "bpg10": 0.9, "team": 10}}, {"model": "locksmith_picks_app.player", "pk": 900, "fields": {"name": "Joel Embiid", "position": "C", "ppg": 23.8, "rpg": 8.2, "apg": 4.5, "spg": 0.7, "bpg": 0.9, "ppg10": 26.0, "rpg10": 9.2, "apg10": 5.0, "spg10": 0.8, "bpg10": 1.0, "team": 22}}, {"model": "locksmith_picks_app.player", "pk": 901, "fields": {"name": "Stephen Curry", "position": "PF", "ppg": 23.1, "rpg": 3.8, "apg": 11.7, "spg": 2.2, "bpg": 2.3, "ppg10": 24.9, "rpg10": 0.5, "apg10": 3.6, "spg10": 2.0, "bpg10": 1.9, "team": 24}}, {"model": "locksmith_picks_app.player", "pk": 902, "fields": {"name": "Luka Doncic", "position": "PF", "ppg": 14.9, "rpg": 13.7, "apg": 2.7, "spg": 0.7, "bpg": 1.9, "ppg10": 21.6, "rpg10": 16.1, "apg10": 1.3, "spg10": 2.3, "bpg10": 0.3, "team": 5}}, {"model": "locksmith_picks_app.player", "pk": 903, "fields": {"name": "James Harden", "position": "SG", "ppg": 32.9, "rpg": 5.3, "apg": 2.9, "spg": 1.0, "bpg": 1.4, "ppg10": 35.6, "rpg10": 5.0, "apg10": 4.9, "spg10": 2.4, "bpg10": 0.3, "team": 2}}, {"model": "locksmith_picks_app.player", "pk": 904, "fields": {"name": "Jimmy Butler", "position": "PF", "ppg": 10.1, "rpg": 8.9, "apg": 6.1, "spg": 2.1, "bpg": 0.9, "ppg10": 8.6, "rpg10": 1.8, "apg10": 8.9, "spg10": 3.7, "bpg10": 2.7, "team": 13}}, {"model": "locksmith_picks_app.player", "pk": 905, "fields": {"name": "Devin Booker", "position": "PF", "ppg": 29.6, "rpg": 4.3, "apg": 3.1, "spg": 2.0, "bpg": 1.6, "ppg10": 33.1, "rpg10": 6.3, "apg10": 6.3, "spg10": 1.3, "bpg10": 2.5, "team": 14}}, {"model": "locksmith_picks_app.player", "pk": 906, "fields": {"name": "Trae Young", "position": "C", "ppg": 33.9, "rpg": 4.3, "apg": 7.7, "spg": 0.9, "bpg": 1.3, "ppg10": 30.5, "rpg10": 9.2, "apg10": 0.3, "spg10": 1.7, "bpg10": 3.0, "team": 30}}, {"model": "locksmith_picks_app.player", "pk": 907, "fields": {"name": "Damian Lillard", "position": "PG", "ppg": 17.6, "rpg": 9.0, "apg": 4.8, "spg": 1.9, "bpg": 1.2, "ppg10": 13.0, "rpg10": 13.5, "apg10": 4.3, "spg10": 2.1, "bpg10": 0.6, "team": 19}}, {"model": "locksmith_picks_app.player", "pk": 908, "fields": {"name": "Ja Morant", "position": "SF", "ppg": 23.1, "rpg": 8.4, "apg": 9.3, "spg": 1.4, "bpg": 2.4, "ppg10": 16.5, "rpg10": 2.8, "apg10": 0.4, "spg10": 0.2, "bpg10": 0.7, "team": 15}}, {"model": "locksmith_picks_app.player", "pk": 909, "fields": {"name": "Karl-Anthony Towns", "position": "PF", "ppg": 11.7, "rpg": 8.1, "apg": 4.0, "spg": 0.9, "bpg": 0.7, "ppg10": 17.3, "rpg10": 12.4, "apg10": 5.0, "spg10": 1.6, "bpg10": 0.8, "team": 12}}, {"model": "locksmith_picks_app.player", "pk": 910, "fields": {"name": "Zion Williamson", "position": "PG", "ppg": 11.2, "rpg": 3.6, "apg": 2.5, "spg": 1.7, "bpg": 0.7, "ppg10": 6.2, "rpg10": 6.2, "apg10": 2.3, "spg10": 2.2, "bpg10": 0.4, "team": 19}}, {"model": "locksmith_picks_app.player", "pk": 911, "fields": {"name": "Paul George", "position": "C", "ppg": 21.2, "rpg": 6.8, "apg": 4.3, "spg": 1.3, "bpg": 1.8, "ppg10": 17.0, "rpg10": 1.8, "apg10": 5.7, "spg10": 1.4, "bpg10": 2.3, "team": 3}}, {"model": "locksmith_picks_app.player", "pk": 912, "fields": {"name": "Kawhi Leonard", "position": "SF", "ppg": 22.5, "rpg": 6.7, "apg": 11.8, "spg": 1.5, "bpg": 0.7, "ppg10": 25.8, "rpg10": 9.5, "apg10": 2.6, "spg10": 1.1, "bpg10": 1.4, "team": 11}}, {"model": "locksmith_picks_app.player", "pk": 913, "fields": {"name": "Bradley Beal", "position": "SF", "ppg": 19.2, "rpg": 5.7, "apg": 7.8, "spg": 1.9, "bpg": 2.4, "ppg10": 24.1, "rpg10": 8.1, "apg10": 0.8, "spg10": 2.8, "bpg10": 2.8, "team": 28}}, {"model": "locksmith_picks_app.player", "pk": 914, "fields": {"name": "Chris Paul", "position": "SG", "ppg": 26.9, "rpg": 3.8, "apg": 4.1, "spg": 2.2, "bpg": 1.7, "ppg10": 22.7, "rpg10": 7.7, "apg10": 6.5, "spg10": 3.9, "bpg10": 3.3, "team": 23}}, {"model": "locksmith_picks_app.player", "pk": 915, "fields": {"name": "De'Aaron Fox", "position": "C", "ppg": 25.7, "rpg": 6.2, "apg": 8.6, "spg": 0.5, "bpg": 1.1, "ppg10": 25.5, "rpg10": 1.9, "apg10": 4.2, "spg10": 2.3, "bpg10": 2.6, "team": 22}}, {"model": "locksmith_picks_app.player", "pk": 916, "fields": {"name": "Pascal Siakam", "position": "PG", "ppg": 23.8, "rpg": 4.1, "apg": 4.0, "spg": 1.6, "bpg": 1.2, "ppg10": 25.3, "rpg10": 0.1, "apg10": 1.4, "spg10": 2.7, "bpg10": 0.6, "team": 5}}, {"model": "locksmith_picks_app.player", "pk": 917, "fields": {"name": "Bam Adebayo", "position": "PG", "ppg": 18.0, "rpg": 4.3, "apg": 7.7, "spg": 2.0, "bpg": 0.6, "ppg10": 21.0, "rpg10": 3.4, "apg10": 4.2, "spg10": 0.6, "bpg10": 0.7, "team": 15}}, {"model": "locksmith_picks_app.player", "pk": 918, "fields": {"name": "Rudy Gobert", "position": "SG", "ppg": 14.9, "rpg": 12.4, "apg": 4.0, "spg": 1.9, "bpg": 1.8, "ppg10": 8.8, "rpg10": 7.1, "apg10": 4.2, "spg10": 3.7, "bpg10": 0.8, "team": 24}}, {"model": "locksmith_picks_app.player", "pk": 919, "fields": {"name": "Jrue Holiday", "position": "C", "ppg": 24.2, "rpg": 8.8, "apg": 3.6, "spg": 2.4, "bpg": 1.1, "ppg10": 27.1, "rpg10": 6.2, "apg10": 4.2, "spg10": 3.8, "bpg10": 2.0, "team": 5}}, {"model": "locksmith_picks_app.player", "pk": 920, "fields": {"name": "CJ McCollum", "position": "SG", "ppg": 11.5, "rpg": 6.7, "apg": 5.4, "spg": 0.6, "bpg": 1.5, "ppg10": 15.7, "rpg10": 9.8, "apg10": 5.7, "spg10": 0.1, "bpg10": 1.1, "team": 2}}, {"model": "locksmith_picks_app.player", "pk": 921, "fields": {"name": "Brandon Ingram", "position": "C", "ppg": 10.5, "rpg": 11.4, "apg": 7.0, "spg": 2.4, "bpg": 1.7, "ppg10": 8.8, "rpg10": 14.2, "apg10": 10.8, "spg10": 1.4, "bpg10": 3.2, "team": 19}}, {"model": "locksmith_picks_app.player", "pk": 922, "fields": {"name": "Jalen Brunson", "position": "PF", "ppg": 26.0, "rpg": 5.4, "apg": 2.7, "spg": 0.8, "bpg": 1.3, "ppg10": 20.0, "rpg10": 7.4, "apg10": 6.4, "spg10": 2.3, "bpg10": 3.1, "team": 4}}, {"model": "locksmith_picks_app.player", "pk": 923, "fields": {"name": "Desmond Bane", "position": "SF", "ppg": 23.8, "rpg": 6.4, "apg": 10.4, "spg": 0.7, "bpg": 2.5, "ppg10": 18.2, "rpg10": 4.3, "apg10": 5.3, "spg10": 1.9, "bpg10": 4.2, "team": 13}}, {"model": "locksmith_picks_app.player", "pk": 924, "fields": {"name": "LaMelo Ball", "position": "SF", "ppg": 28.3, "rpg": 6.9, "apg": 5.4, "spg": 1.9, "bpg": 1.8, "ppg10": 29.8, "rpg10": 2.3, "apg10": 3.6, "spg10": 2.9, "bpg10": 3.1, "team": 25}}, {"model": "locksmith_picks_app.player", "pk": 925, "fields": {"name": "Tyler Herro", "position": "SG", "ppg": 14.9, "rpg": 6.0, "apg": 2.3, "spg": 1.6, "bpg": 1.3, "ppg10": 16.6, "rpg10": 2.2, "apg10": 2.0, "spg10": 1.7, "bpg10": 2.9, "team": 18}}, {"model": "locksmith_picks_app.player", "pk": 926, "fields": {"name": "DeMar DeRozan", "position": "PF", "ppg": 30.8, "rpg": 6.7, "apg": 9.9, "spg": 1.9, "bpg": 1.7, "ppg10": 34.9, "rpg10": 5.1, "apg10": 0.5, "spg10": 1.9, "bpg10": 3.6, "team": 7}}, {"model": "locksmith_picks_app.player", "pk": 927, "fields": {"name": "Zach LaVine", "position": "PF", "ppg": 12.1, "rpg": 7.1, "apg": 8.8, "spg": 1.1, "bpg": 0.6, "ppg10": 5.5, "rpg10": 9.5, "apg10": 9.4, "spg10": 0.3, "bpg10": 2.4, "team": 19}}, {"model": "locksmith_picks_app.player", "pk": 928, "fields": {"name": "Mikal Bridges", "position": "PG", "ppg": 31.5, "rpg": 10.2, "apg": 8.4, "spg": 0.8, "bpg": 0.7, "ppg10": 26.8, "rpg10": 13.6, "apg10": 12.4, "spg10": 0.5, "bpg10": 0.7, "team": 4}}, {"model": "locksmith_picks_app.player", "pk": 929, "fields": {"name": "Darius Garland", "position": "PF", "ppg": 26.4, "rpg": 8.2, "apg": 6.0, "spg": 1.4, "bpg": 0.7, "ppg10": 27.1, "rpg10": 8.3, "apg10": 7.6, "spg10": 0.9, "bpg10": 0.5, "team": 5}}, {"model": "locksmith_picks_app.player", "pk": 930, "fields": {"name": "Fred VanVleet", "position": "PF", "ppg": 34.5, "rpg": 11.1, "apg": 9.2, "spg": 1.5, "bpg": 1.6, "ppg10": 31.5, "rpg10": 3.3, "apg10": 12.8, "spg10": 3.3, "bpg10": 1.3, "team": 9}}, {"model": "locksmith_picks_app.player", "pk": 931, "fields": {"name": "OG Anunoby", "position": "PF", "ppg": 28.8, "rpg": 11.6, "apg": 6.9, "spg": 2.0, "bpg": 2.1, "ppg10": 26.8, "rpg10": 10.6, "apg10": 0.9, "spg10": 0.1, "bpg10": 0.3, "team": 13}}, {"model": "locksmith_picks_app.player", "pk": 932, "fields": {"name": "Miles Bridges", "position": "PF", "ppg": 23.3, "rpg": 7.2, "apg": 3.1, "spg": 2.3, "bpg": 0.8, "ppg10": 19.6, "rpg10": 5.0, "apg10": 0.9, "spg10": 2.5, "bpg10": 1.2, "team": 1}}, {"model": "locksmith_picks_app.player", "pk": 933, "fields": {"name": "Jarrett Allen", "position": "C", "ppg": 26.7, "rpg": 9.8, "apg": 10.4, "spg": 2.2, "bpg": 1.9, "ppg10": 20.5, "rpg10": 3.9, "apg10": 1.1, "spg10": 0.4, "bpg10": 1.2, "team": 16}}, {"model": "locksmith_picks_app.player", "pk": 934, "fields": {"name": "Jaden Ivey", "position": "SG", "ppg": 21.6, "rpg": 12.0, "apg": 3.7, "spg": 2.3, "bpg": 2.2, "ppg10": 16.2, "rpg10": 12.2, "apg10": 6.7, "spg10": 1.2, "bpg10": 1.8, "team": 29}}, {"model": "locksmith_picks_app.player", "pk": 935, "fields": {"name": "Jabari Smith Jr.", "position": "SG", "ppg": 12.8, "rpg": 7.8, "apg": 6.0, "spg": 0.6, "bpg": 1.7, "ppg10": 13.3, "rpg10": 11.7, "apg10": 10.1, "spg10": 1.9, "bpg10": 2.7, "team": 7}}, {"model": "locksmith_picks_app.player", "pk": 936, "fields": {"name": "Alperen Sengun", "position": "SG", "ppg": 30.5, "rpg": 10.7, "apg": 10.8, "spg": 2.1, "bpg": 1.1, "ppg10": 35.3, "rpg10": 11.6, "apg10": 6.3, "spg10": 3.4, "bpg10": 1.1, "team": 29}}, {"model": "locksmith_picks_app.player", "pk": 937, "fields": {"name": "Franz Wagner", "position": "PG", "ppg": 16.6, "rpg": 7.3, "apg": 10.0, "spg": 0.8, "bpg": 1.5, "ppg10": 15.3, "rpg10": 10.6, "apg10": 1.1, "spg10": 2.7, "bpg10": 1.6, "team": 7}}, {"model": "locksmith_picks_app.player", "pk": 938, "fields": {"name": "Paolo Banchero", "position": "PG", "ppg": 33.6, "rpg": 3.8, "apg": 9.3, "spg": 2.1, "bpg": 1.7, "ppg10": 32.7, "rpg10": 2.2, "apg10": 9.0, "spg10": 3.4, "bpg10": 0.3, "team": 14}}, {"model": "locksmith_picks_app.player", "pk": 939, "fields": {"name": "Scottie Barnes", "position": "PG", "ppg": 21.3, "rpg": 10.6, "apg": 5.5, "spg": 1.4, "bpg": 2.1, "ppg10": 18.1, "rpg10": 15.1, "apg10": 9.3, "spg10": 2.4, "bpg10": 3.2, "team": 7}}, {"model": "locksmith_picks_app.player", "pk": 940, "fields": {"name": "Cade Cunningham", "position": "SG", "ppg": 25.4, "rpg": 10.7, "apg": 3.2, "spg": 2.4, "bpg": 2.0, "ppg10": 19.9, "rpg10": 15.2, "apg10": 2.8, "spg10": 0.1, "bpg10": 1.6, "team": 26}}, {"model": "locksmith_picks_app.player", "pk": 941, "fields": {"name": "Josh Giddey", "position": "SG", "ppg": 33.0, "rpg": 5.8, "apg": 2.7, "spg": 1.0, "bpg": 0.6, "ppg10": 39.6, "rpg10": 1.8, "apg10": 0.7, "spg10": 1.3, "bpg10": 0.3, "team": 11}}, {"model": "locksmith_picks_app.player", "pk": 942, "fields": {"name": "RJ Barrett", "position": "PF", "ppg": 20.2, "rpg": 7.7, "apg": 6.9, "spg": 0.9, "bpg": 2.3, "ppg10": 21.7, "rpg10": 3.4, "apg10": 5.3, "spg10": 1.6, "bpg10": 2.8, "team": 14}}, {"model": "locksmith_picks_app.player", "pk": 943, "fields": {"name": "Jordan Poole", "position": "SG", "ppg": 25.8, "rpg": 4.0, "apg": 7.6, "spg": 2.1, "bpg": 0.8, "ppg10": 32.5, "rpg10": 4.3, "apg10": 8.7, "spg10": 3.9, "bpg10": 0.7, "team": 21}}, {"model": "locksmith_picks_app.player", "pk": 944, "fields": {"name": "Austin Reaves", "position": "SF", "ppg": 23.1, "rpg": 7.1, "apg": 10.2, "spg": 1.2, "bpg": 1.9, "ppg10": 23.6, "rpg10": 7.8, "apg10": 12.8, "spg10": 0.7, "bpg10": 1.1, "team": 1}}, {"model": "locksmith_picks_app.player", "pk": 945, "fields": {"name": "Dillon Brooks", "position": "SF", "ppg": 14.5, "rpg": 9.7, "apg": 10.2, "spg": 1.8, "bpg": 1.8, "ppg10": 18.6, "rpg10": 10.7, "apg10": 6.7, "spg10": 2.0, "bpg10": 0.7, "team": 17}}, {"model": "locksmith_picks_app.player", "pk": 946, "fields": {"name": "Michael Porter Jr.", "position": "PF", "ppg": 22.4, "rpg": 7.3, "apg": 9.3, "spg": 0.6, "bpg": 1.0, "ppg10": 18.5, "rpg10": 9.3, "apg10": 13.9, "spg10": 0.1, "bpg10": 2.6, "team": 7}}, {"model": "locksmith_picks_app.player", "pk": 947, "fields": {"name": "Norman Powell", "position": "SG", "ppg": 25.1, "rpg": 11.1, "apg": 8.7, "spg": 0.6, "bpg": 2.0, "ppg10": 22.1, "rpg10": 2.9, "apg10": 6.9, "spg10": 0.2, "bpg10": 3.4, "team": 26}}, {"model": "locksmith_picks_app.player", "pk": 948, "fields": {"name": "Terry Rozier", "position": "SF", "ppg": 30.0, "rpg": 14.0, "apg": 7.2, "spg": 0.6, "bpg": 0.7, "ppg10": 32.3, "rpg10": 13.4, "apg10": 10.7, "spg10": 2.5, "bpg10": 2.7, "team": 22}}, {"model": "locksmith_picks_app.player", "pk": 949, "fields": {"name": "Buddy Hield", "position": "SG", "ppg": 26.1, "rpg": 7.5, "apg": 6.9, "spg": 1.8, "bpg": 1.0, "ppg10": 19.6, "rpg10": 6.6, "apg10": 1.2, "spg10": 1.3, "bpg10": 1.2, "team": 24}}, {"model": "locksmith_picks_app.player", "pk": 950, "fields": {"name": "Harrison Barnes", "position": "PF", "ppg": 32.8, "rpg": 8.2, "apg": 5.3, "spg": 2.1, "bpg": 2.2, "ppg10": 29.2, "rpg10": 5.1, "apg10": 1.2, "spg10": 3.3, "bpg10": 3.1, "team": 6}}, {"model": "locksmith_picks_app.player", "pk": 951, "fields": {"name": "Herbert Jones", "position": "SF", "ppg": 29.2, "rpg": 9.9, "apg": 6.0, "spg": 2.3, "bpg": 1.3, "ppg10": 30.2, "rpg10": 10.9, "apg10": 3.5, "spg10": 2.3, "bpg10": 2.2, "team": 11}}, {"model": "locksmith_picks_app.player", "pk": 952, "fields": {"name": "Jonas Valanciunas", "position": "SF", "ppg": 21.9, "rpg": 6.8, "apg": 11.0, "spg": 2.0, "bpg": 2.4, "ppg10": 18.1, "rpg10": 3.7, "apg10": 10.6, "spg10": 1.8, "bpg10": 1.8, "team": 23}}, {"model": "locksmith_picks_app.player", "pk": 953, "fields": {"name": "Clint Capela", "position": "PF", "ppg": 26.7, "rpg": 5.0, "apg": 11.7, "spg": 1.6, "bpg": 1.0, "ppg10": 25.4, "rpg10": 0.5, "apg10": 10.3, "spg10": 0.1, "bpg10": 0.6, "team": 5}}, {"model": "locksmith_picks_app.player", "pk": 954, "fields": {"name": "Mitchell Robinson", "position": "PG", "ppg": 14.6, "rpg": 7.8, "apg": 7.6, "spg": 0.5, "bpg": 1.4, "ppg10": 12.8, "rpg10": 1.3, "apg10": 5.0, "spg10": 0.6, "bpg10": 2.6, "team": 17}}, {"model": "locksmith_picks_app.player", "pk": 955, "fields": {"name": "Robert Williams III", "position": "PG", "ppg": 31.5, "rpg": 11.7, "apg": 9.1, "spg": 1.4, "bpg": 0.6, "ppg10": 36.2, "rpg10": 13.9, "apg10": 5.8, "spg10": 1.7, "bpg10": 2.0, "team": 26}}, {"model": "locksmith_picks_app.player", "pk": 956, "fields": {"name": "Brook Lopez", "position": "SG", "ppg": 15.7, "rpg": 6.3, "apg": 2.3, "spg": 2.3, "bpg": 1.9, "ppg10": 19.5, "rpg10": 10.1, "apg10": 0.7, "spg10": 1.9, "bpg10": 2.9, "team": 26}}, {"model": "locksmith_picks_app.player", "pk": 957, "fields": {"name": "Bobby Portis", "position": "C", "ppg": 16.8, "rpg": 8.8, "apg": 5.1, "spg": 1.4, "bpg": 2.1, "ppg10": 23.2, "rpg10": 2.2, "apg10": 7.1, "spg10": 3.2, "bpg10": 0.4, "team": 9}}, {"model": "locksmith_picks_app.player", "pk": 958, "fields": {"name": "Marcus Smart", "position": "SF", "ppg": 34.7, "rpg": 4.7, "apg": 6.7, "spg": 1.7, "bpg": 1.3, "ppg10": 39.7, "rpg10": 4.4, "apg10": 11.4, "spg10": 0.1, "bpg10": 0.5, "team": 8}}, {"model": "locksmith_picks_app.player", "pk": 959, "fields": {"name": "Derrick White", "position": "C", "ppg": 30.2, "rpg": 9.4, "apg": 3.0, "spg": 1.7, "bpg": 0.6, "ppg10": 29.5, "rpg10": 0.1, "apg10": 7.9, "spg10": 2.0, "bpg10": 1.8, "team": 19}}, {"model": "locksmith_picks_app.player", "pk": 960, "fields": {"name": "Al Horford", "position": "PG", "ppg": 14.0, "rpg": 14.7, "apg": 6.1, "spg": 1.8, "bpg": 2.2, "ppg10": 10.9, "rpg10": 18.1, "apg10": 3.2, "spg10": 2.1, "bpg10": 3.6, "team": 1}}, {"model": "locksmith_picks_app.player", "pk": 961, "fields": {"name": "Malcolm Brogdon", "position": "C", "ppg": 33.6, "rpg": 10.5, "apg": 8.0, "spg": 1.5, "bpg": 2.2, "ppg10": 31.0, "rpg10": 3.9, "apg10": 6.2, "spg10": 2.1, "bpg10": 2.1, "team": 22}}, {"model": "locksmith_picks_app.player", "pk": 962, "fields": {"name": "Grant Williams", "position": "PF", "ppg": 27.8, "rpg": 4.1, "apg": 5.0, "spg": 1.0, "bpg": 1.9, "ppg10": 24.4, "rpg10": 6.2, "apg10": 4.3, "spg10": 2.3, "bpg10": 0.7, "team": 8}}, {"model": "locksmith_picks_app.player", "pk": 963, "fields": {"name": "Isaiah Hartenstein", "position": "PF", "ppg": 17.8, "rpg": 10.3, "apg": 5.6, "spg": 1.1, "bpg": 0.7, "ppg10": 23.2, "rpg10": 6.7, "apg10": 6.2, "spg10": 1.1, "bpg10": 0.7, "team": 10}}, {"model": "locksmith_picks_app.player", "pk": 964, "fields": {"name": "Quentin Grimes", "position": "C", "ppg": 29.0, "rpg": 7.3, "apg": 5.4, "spg": 1.2, "bpg": 1.9, "ppg10": 23.4, "rpg10": 0.9, "apg10": 5.0, "spg10": 2.8, "bpg10": 3.4, "team": 24}}, {"model": "locksmith_picks_app.player", "pk": 965, "fields": {"name": "Immanuel Quickley", "position": "PG", "ppg": 14.7, "rpg": 13.3, "apg": 6.6, "spg": 1.7, "bpg": 0.8, "ppg10": 18.4, "rpg10": 12.1, "apg10": 0.2, "spg10": 3.4, "bpg10": 2.7, "team": 22}}, {"model": "locksmith_picks_app.player", "pk": 966, "fields": {"name": "Donte DiVincenzo", "position": "SG", "ppg": 13.5, "rpg": 5.3, "apg": 2.7, "spg": 2.1, "bpg": 2.0, "ppg10": 18.9, "rpg10": 5.6, "apg10": 5.6, "spg10": 0.4, "bpg10": 2.9, "team": 27}}, {"model": "locksmith_picks_app.player", "pk": 967, "fields": {"name": "Aaron Gordon", "position": "SF", "ppg": 22.9, "rpg": 4.5, "apg": 7.6, "spg": 0.8, "bpg": 2.1, "ppg10": 21.3, "rpg10": 1.7, "apg10": 5.1, "spg10": 0.4, "bpg10": 1.4, "team": 1}}, {"model": "locksmith_picks_app.player", "pk": 968, "fields": {"name": "Bruce Brown", "position": "SF", "ppg": 22.4, "rpg": 5.1, "apg": 3.2, "spg": 1.3, "bpg": 0.9, "ppg10": 29.2, "rpg10": 7.1, "apg10": 2.9, "spg10": 0.6, "bpg10": 1.1, "team": 26}}, {"model": "locksmith_picks_app.player", "pk": 969, "fields": {"name": "Kentavious Caldwell-Pope", "position": "SG", "ppg": 24.0, "rpg": 9.2, "apg": 6.9, "spg": 1.5, "bpg": 1.5, "ppg10": 22.1, "rpg10": 2.3, "apg10": 11.2, "spg10": 0.5, "bpg10": 2.9, "team": 21}}, {"model": "locksmith_picks_app.player", "pk": 970, "fields": {"name": "Kyle Kuzma", "position": "SG", "ppg": 33.9, "rpg": 11.2, "apg": 4.8, "spg": 1.0, "bpg": 0.7, "ppg10": 40.3, "rpg10": 15.5, "apg10": 7.4, "spg10": 0.9, "bpg10": 1.2, "team": 22}}, {"model": "locksmith_picks_app.player", "pk": 971, "fields": {"name": "Kristaps Porzingis", "position": "SG", "ppg": 10.3, "rpg": 13.0, "apg": 11.7, "spg": 1.8, "bpg": 0.8, "ppg10": 10.1, "rpg10": 8.3, "apg10": 3.7, "spg10": 3.6, "bpg10": 2.7, "team": 26}}, {"model": "locksmith_picks_app.player", "pk": 972, "fields": {"name": "Monte Morris", "position": "SG", "ppg": 15.2, "rpg": 11.4, "apg": 5.5, "spg": 0.8, "bpg": 1.2, "ppg10": 18.2, "rpg10": 4.2, "apg10": 3.5, "spg10": 2.5, "bpg10": 1.3, "team": 9}}, {"model": "locksmith_picks_app.player", "pk": 973, "fields": {"name": "Corey Kispert", "position": "PF", "ppg": 29.1, "rpg": 6.6, "apg": 9.2, "spg": 2.2, "bpg": 0.6, "ppg10": 25.7, "rpg10": 5.6, "apg10": 11.9, "spg10": 0.6, "bpg10": 1.2, "team": 25}}, {"model": "locksmith_picks_app.player", "pk": 974, "fields": {"name": "Daniel Gafford", "position": "SF", "ppg": 31.8, "rpg": 14.5, "apg": 12.0, "spg": 1.9, "bpg": 1.7, "ppg10": 25.5, "rpg10": 14.3, "apg10": 8.7, "spg10": 0.0, "bpg10": 0.6, "team": 3}}, {"model": "locksmith_picks_app.player", "pk": 975, "fields": {"name": "Andrew Wiggins", "position": "SG", "ppg": 16.4, "rpg": 8.6, "apg": 7.7, "spg": 2.0, "bpg": 1.9, "ppg10": 21.1, "rpg10": 6.5, "apg10": 5.3, "spg10": 0.9, "bpg10": 2.2, "team": 22}}, {"model": "locksmith_picks_app.player", "pk": 976, "fields": {"name": "Kevon Looney", "position": "PG", "ppg": 33.0, "rpg": 4.0, "apg": 9.2, "spg": 2.0, "bpg": 2.2, "ppg10": 31.3, "rpg10": 4.2, "apg10": 12.5, "spg10": 3.6, "bpg10": 3.7, "team": 26}}, {"model": "locksmith_picks_app.player", "pk": 977, "fields": {"name": "Jonathan Kuminga", "position": "C", "ppg": 14.9, "rpg": 8.6, "apg": 4.9, "spg": 1.4, "bpg": 2.1, "ppg10": 8.8, "rpg10": 3.3, "apg10": 4.4, "spg10": 1.2, "bpg10": 3.4, "team": 3}}, {"model": "locksmith_picks_app.player", "pk": 978, "fields": {"name": "Gary Payton II", "position": "PG", "ppg": 22.9, "rpg": 4.9, "apg": 9.2, "spg": 0.5, "bpg": 2.4, "ppg10": 25.7, "rpg10": 7.4, "apg10": 10.1, "spg10": 2.3, "bpg10": 3.3, "team": 2}}, {"model": "locksmith_picks_app.player", "pk": 979, "fields": {"name": "Draymond Green", "position": "SG", "ppg": 21.3, "rpg": 5.7, "apg": 7.7, "spg": 1.8, "bpg": 1.1, "ppg10": 16.9, "rpg10": 10.5, "apg10": 6.8, "spg10": 2.8, "bpg10": 0.8, "team": 21}}, {"model": "locksmith_picks_app.player", "pk": 980, "fields": {"name": "Jordan Clarkson", "position": "C", "ppg": 22.5, "rpg": 5.8, "apg": 8.5, "spg": 1.9, "bpg": 1.3, "ppg10": 18.9, "rpg10": 9.2, "apg10": 6.5, "spg10": 2.0, "bpg10": 2.0, "team": 11}}, {"model": "locksmith_picks_app.player", "pk": 981, "fields": {"name": "Collin Sexton", "position": "SF", "ppg": 30.3, "rpg": 3.7, "apg": 10.1, "spg": 1.2, "bpg": 0.6, "ppg10": 31.0, "rpg10": 6.4, "apg10": 0.8, "spg10": 1.2, "bpg10": 2.0, "team": 15}}, {"model": "locksmith_picks_app.player", "pk": 982, "fields": {"name": "Walker Kessler", "position": "C", "ppg": 25.6, "rpg": 11.6, "apg": 10.3, "spg": 1.9, "bpg": 1.5, "ppg10": 20.3, "rpg10": 11.2, "apg10": 3.1, "spg10": 2.4, "bpg10": 1.8, "team": 12}}, {"model": "locksmith_picks_app.player", "pk": 983, "fields": {"name": "Kelly Olynyk", "position": "PF", "ppg": 22.8, "rpg": 13.6, "apg": 10.9, "spg": 2.2, "bpg": 2.1, "ppg10": 22.4, "rpg10": 13.4, "apg10": 9.4, "spg10": 1.0, "bpg10": 1.8, "team": 13}}, {"model": "locksmith_picks_app.player", "pk": 984, "fields": {"name": "Jarred Vanderbilt", "position": "PG", "ppg": 16.9, "rpg": 9.2, "apg": 9.3, "spg": 2.3, "bpg": 1.3, "ppg10": 18.0, "rpg10": 4.7, "apg10": 7.5, "spg10": 4.2, "bpg10": 3.3, "team": 23}}, {"model": "locksmith_picks_app.player", "pk": 985, "fields": {"name": "Talen Horton-Tucker", "position": "SF", "ppg": 24.2, "rpg": 13.1, "apg": 9.2, "spg": 1.3, "bpg": 2.0, "ppg10": 26.1, "rpg10": 10.9, "apg10": 10.4, "spg10": 2.5, "bpg10": 2.1, "team": 27}}, {"model": "locksmith_picks_app.player", "pk": 986, "fields": {"name": "Malik Beasley", "position": "SG", "ppg": 16.8, "rpg": 3.4, "apg": 4.0, "spg": 1.6, "bpg": 1.6, "ppg10": 13.9, "rpg10": 2.0, "apg10": 4.2, "spg10": 1.9, "bpg10": 1.6, "team": 20}}, {"model": "locksmith_picks_app.player", "pk": 987, "fields": {"name": "D'Angelo Russell", "position": "SF", "ppg": 22.9, "rpg": 9.5, "apg": 8.5, "spg": 0.6, "bpg": 1.9, "ppg10": 28.5, "rpg10": 6.9, "apg10": 4.7, "spg10": 0.2, "bpg10": 1.3, "team": 24}}, {"model": "locksmith_picks_app.player", "pk": 988, "fields": {"name": "Rui Hachimura", "position": "C", "ppg": 17.0, "rpg": 9.3, "apg": 10.0, "spg": 1.2, "bpg": 0.8, "ppg10": 11.1, "rpg10": 7.7, "apg10": 9.6, "spg10": 2.2, "bpg10": 0.8, "team": 18}}, {"model": "locksmith_picks_app.player", "pk": 989, "fields": {"name": "Mo Bamba", "position": "PG", "ppg": 15.0, "rpg": 11.7, "apg": 8.2, "spg": 1.8, "bpg": 1.2, "ppg10": 11.5, "rpg10": 5.0, "apg10": 9.3, "spg10": 3.3, "bpg10": 2.6, "team": 21}}, {"model": "locksmith_picks_app.player", "pk": 990, "fields": {"name": "Lonnie Walker IV", "position": "PG", "ppg": 14.1, "rpg": 6.4, "apg": 9.7, "spg": 2.0, "bpg": 1.8, "ppg10": 14.5, "rpg10": 4.8, "apg10": 9.8, "spg10": 2.2, "bpg10": 3.7, "team": 6}}, {"model": "locksmith_picks_app.player", "pk": 991, "fields": {"name": "Patrick Beverley", "position": "SF", "ppg": 24.3, "rpg": 8.4, "apg": 4.3, "spg": 1.1, "bpg": 2.0, "ppg10": 22.2, "rpg10": 5.1, "apg10": 6.4, "spg10": 2.5, "bpg10": 2.6, "team": 17}}, {"model": "locksmith_picks_app.player", "pk": 992, "fields": {"name": "Alex Caruso", "position": "SF", "ppg": 28.9, "rpg": 8.3, "apg": 8.2, "spg": 0.6, "bpg": 1.5, "ppg10": 25.1, "rpg10": 1.6, "apg10": 12.9, "spg10": 0.9, "bpg10": 2.0, "team": 25}}, {"model": "locksmith_picks_app.player", "pk": 993, "fields": {"name": "Ayo Dosunmu", "position": "PG", "ppg": 21.6, "rpg": 9.1, "apg": 3.8, "spg": 0.9, "bpg": 2.1, "ppg10": 26.3, "rpg10": 3.9, "apg10": 6.7, "spg10": 2.7, "bpg10": 1.2, "team": 10}}, {"model": "locksmith_picks_app.player", "pk": 994, "fields": {"name": "Coby White", "position": "C", "ppg": 25.8, "rpg": 7.2, "apg": 3.2, "spg": 1.8, "bpg": 2.3, "ppg10": 24.8, "rpg10": 9.3, "apg10": 3.9, "spg10": 0.8, "bpg10": 3.1, "team": 6}}, {"model": "locksmith_picks_app.player", "pk": 995, "fields": {"name": "Nikola Vucevic", "position": "PG", "ppg": 30.8, "rpg": 7.2, "apg": 4.2, "spg": 0.5, "bpg": 1.7, "ppg10": 26.3, "rpg10": 9.4, "apg10": 1.5, "spg10": 1.2, "bpg10": 0.9, "team": 29}}, {"model": "locksmith_picks_app.player", "pk": 996, "fields": {"name": "Andre Drummond", "position": "SG", "ppg": 12.5, "rpg": 8.8, "apg": 6.2, "spg": 1.1, "bpg": 2.1, "ppg10": 6.3, "rpg10": 4.8, "apg10": 6.0, "spg10": 1.9, "bpg10": 1.1, "team": 11}}, {"model": "locksmith_picks_app.player", "pk": 997, "fields": {"name": "P.J. Washington", "position": "SF", "ppg": 26.3, "rpg": 13.9, "apg": 2.2, "spg": 1.0, "bpg": 2.1, "ppg10": 32.1, "rpg10": 2.9, "apg10": 5.4, "spg10": 0.2, "bpg10": 1.6, "team": 23}}, {"model": "locksmith_picks_app.player", "pk": 998, "fields": {"name": "Mark Williams", "position": "PG", "ppg": 26.9, "rpg": 3.9, "apg": 4.1, "spg": 0.7, "bpg": 1.9, "ppg10": 21.9, "rpg10": 0.5, "apg10": 1.1, "spg10": 2.1, "bpg10": 1.9, "team": 29}}, {"model": "locksmith_picks_app.player", "pk": 999, "fields": {"name": "Dennis Smith Jr.", "position": "PG", "ppg": 31.5, "rpg": 6.3, "apg": 4.0, "spg": 2.1, "bpg": 1.5, "ppg10": 32.0, "rpg10": 3.1, "apg10": 1.0, "spg10": 0.2, "bpg10": 3.0, "team": 10}}, {"model": "locksmith_picks_app.player", "pk": 1000, "fields": {"name": "Gordon Hayward", "position": "PG", "ppg": 25.8, "rpg": 10.7, "apg": 5.9, "spg": 2.4, "bpg": 0.6, "ppg10": 19.6, "rpg10": 4.7, "apg10": 3.7, "spg10": 2.3, "bpg10": 1.5, "team": 3}}, {"model": "locksmith_picks_app.player", "pk": 1001, "fields": {"name": "Tobias Harris", "position": "SG", "ppg": 27.7, "rpg": 7.5, "apg": 6.7, "spg": 2.4, "bpg": 0.7, "ppg10": 27.2, "rpg10": 5.6, "apg10": 2.8, "spg10": 0.1, "bpg10": 1.5, "team": 26}}, {"model": "locksmith_picks_app.player", "pk": 1002, "fields": {"name": "De'Anthony Melton", "position": "SF", "ppg": 24.8, "rpg": 8.9, "apg": 10.4, "spg": 0.9, "bpg": 1.1, "ppg10": 27.0, "rpg10": 11.7, "apg10": 1.2, "spg10": 2.3, "bpg10": 2.8, "team": 15}}, {"model": "locksmith_picks_app.player", "pk": 1003, "fields": {"name": "Tyrese Maxey", "position": "PF", "ppg": 12.4, "rpg": 7.2, "apg": 5.3, "spg": 1.1, "bpg": 1.6, "ppg10": 8.4, "rpg10": 4.9, "apg10": 6.8, "spg10": 2.3, "bpg10": 2.2, "team": 21}}, {"model": "locksmith_picks_app.player", "pk": 1004, "fields": {"name": "P.J. Tucker", "position": "PG", "ppg": 28.4, "rpg": 13.3, "apg": 7.7, "spg": 2.4, "bpg": 0.6, "ppg10": 26.4, "rpg10": 14.3, "apg10": 6.1, "spg10": 2.0, "bpg10": 2.2, "team": 8}}, {"model": "locksmith_picks_app.player", "pk": 1005, "fields": {"name": "Matisse Thybulle", "position": "SF", "ppg": 10.7, "rpg": 4.9, "apg": 5.4, "spg": 1.8, "bpg": 1.2, "ppg10": 15.6, "rpg10": 4.5, "apg10": 7.4, "spg10": 1.1, "bpg10": 2.6, "team": 15}}, {"model": "locksmith_picks_app.player", "pk": 1006, "fields": {"name": "Jaylen Brown", "position": "C", "ppg": 32.2, "rpg": 10.7, "apg": 7.0, "spg": 0.6, "bpg": 1.2, "ppg10": 32.7, "rpg10": 14.0, "apg10": 12.0, "spg10": 0.4, "bpg10": 1.3, "team": 8}}, {"model": "locksmith_picks_app.player", "pk": 1007, "fields": {"name": "Robert Covington", "position": "C", "ppg": 15.2, "rpg": 6.6, "apg": 10.4, "spg": 2.2, "bpg": 1.1, "ppg10": 18.5, "rpg10": 6.4, "apg10": 1.5, "spg10": 2.5, "bpg10": 1.4, "team": 28}}, {"model": "locksmith_picks_app.player", "pk": 1008, "fields": {"name": "Ivica Zubac", "position": "SF", "ppg": 23.5, "rpg": 9.8, "apg": 9.4, "spg": 0.8, "bpg": 2.1, "ppg10": 20.7, "rpg10": 8.0, "apg10": 8.4, "spg10": 1.0, "bpg10": 4.0, "team": 10}}, {"model": "locksmith_picks_app.player", "pk": 1009, "fields": {"name": "Reggie Jackson", "position": "C", "ppg": 28.4, "rpg": 10.9, "apg": 9.3, "spg": 1.6, "bpg": 0.7, "ppg10": 30.3, "rpg10": 12.2, "apg10": 8.2, "spg10": 1.6, "bpg10": 2.5, "team": 16}}, {"model": "locksmith_picks_app.player", "pk": 1010, "fields": {"name": "John Wall", "position": "PG", "ppg": 34.5, "rpg": 5.8, "apg": 4.8, "spg": 1.8, "bpg": 0.6, "ppg10": 27.8, "rpg10": 10.4, "apg10": 3.2, "spg10": 0.7, "bpg10": 0.5, "team": 4}}, {"model": "locksmith_picks_app.player", "pk": 1011, "fields": {"name": "Russell Westbrook", "position": "PG", "ppg": 31.1, "rpg": 10.1, "apg": 7.7, "spg": 1.2, "bpg": 2.3, "ppg10": 35.0, "rpg10": 10.3, "apg10": 4.9, "spg10": 0.3, "bpg10": 2.3, "team": 30}}, {"model": "locksmith_picks_app.player", "pk": 1012, "fields": {"name": "Austin Rivers", "position": "C", "ppg": 27.2, "rpg": 8.7, "apg": 3.1, "spg": 2.0, "bpg": 2.0, "ppg10": 25.0, "rpg10": 5.8, "apg10": 6.1, "spg10": 3.1, "bpg10": 0.1, "team": 17}}, {"model": "locksmith_picks_app.player", "pk": 1013, "fields": {"name": "Eric Gordon", "position": "PF", "ppg": 27.8, "rpg": 11.5, "apg": 10.3, "spg": 1.1, "bpg": 1.0, "ppg10": 29.4, "rpg10": 5.6, "apg10": 8.0, "spg10": 2.9, "bpg10": 2.9, "team": 22}}, {"model": "locksmith_picks_app.player", "pk": 1014, "fields": {"name": "Jalen Green", "position": "C", "ppg": 32.4, "rpg": 7.0, "apg": 2.1, "spg": 0.7, "bpg": 0.9, "ppg10": 31.0, "rpg10": 6.0, "apg10": 1.4, "spg10": 1.1, "bpg10": 0.8, "team": 4}}, {"model": "locksmith_picks_app.player", "pk": 1015, "fields": {"name": "Kevin Porter Jr.", "position": "SG", "ppg": 14.7, "rpg": 13.9, "apg": 5.3, "spg": 2.0, "bpg": 1.4, "ppg10": 20.7, "rpg10": 3.2, "apg10": 2.0, "spg10": 3.7, "bpg10": 0.1, "team": 3}}, {"model": "locksmith_picks_app.player", "pk": 1016, "fields": {"name": "Sengun Aydin", "position": "PG", "ppg": 11.0, "rpg": 14.3, "apg": 4.1, "spg": 2.2, "bpg": 1.6, "ppg10": 14.5, "rpg10": 6.2, "apg10": 4.2, "spg10": 0.2, "bpg10": 1.5, "team": 5}}, {"model": "locksmith_picks_app.player", "pk": 1017, "fields": {"name": "Kenyon Martin Jr.", "position": "SF", "ppg": 13.9, "rpg": 4.2, "apg": 4.5, "spg": 1.4, "bpg": 1.3, "ppg10": 14.3, "rpg10": 0.4, "apg10": 8.4, "spg10": 3.1, "bpg10": 2.2, "team": 18}}, {"model": "locksmith_picks_app.player", "pk": 1018, "fields": {"name": "Usman Garuba", "position": "SF", "ppg": 13.4, "rpg": 10.4, "apg": 4.0, "spg": 0.6, "bpg": 2.5, "ppg10": 12.5, "rpg10": 14.9, "apg10": 0.6, "spg10": 0.7, "bpg10": 1.8, "team": 20}}, {"model": "locksmith_picks_app.player", "pk": 1019, "fields": {"name": "Tari Eason", "position": "SG", "ppg": 30.1, "rpg": 11.7, "apg": 2.4, "spg": 1.8, "bpg": 2.5, "ppg10": 24.2, "rpg10": 14.9, "apg10": 7.0, "spg10": 1.0, "bpg10": 1.9, "team": 3}}, {"model": "locksmith_picks_app.player", "pk": 1020, "fields": {"name": "Jae'Sean Tate", "position": "PF", "ppg": 19.5, "rpg": 13.9, "apg": 7.3, "spg": 0.9, "bpg": 0.8, "ppg10": 21.7, "rpg10": 10.8, "apg10": 12.2, "spg10": 1.0, "bpg10": 0.6, "team": 10}}, {"model": "locksmith_picks_app.player", "pk": 1021, "fields": {"name": "Victor Oladipo", "position": "SF", "ppg": 11.6, "rpg": 13.4, "apg": 8.3, "spg": 2.1, "bpg": 1.6, "ppg10": 12.1, "rpg10": 7.1, "apg10": 3.4, "spg10": 0.5, "bpg10": 2.1, "team": 26}}, {"model": "locksmith_picks_app.player", "pk": 1022, "fields": {"name": "Max Strus", "position": "PF", "ppg": 14.7, "rpg": 4.9, "apg": 11.5, "spg": 1.6, "bpg": 0.8, "ppg10": 15.3, "rpg10": 0.2, "apg10": 4.6, "spg10": 3.3, "bpg10": 0.9, "team": 5}}, {"model": "locksmith_picks_app.player", "pk": 1023, "fields": {"name": "Gabe Vincent", "position": "SF", "ppg": 13.6, "rpg": 12.6, "apg": 2.9, "spg": 2.2, "bpg": 1.9, "ppg10": 16.2, "rpg10": 12.0, "apg10": 0.9, "spg10": 2.6, "bpg10": 2.8, "team": 9}}, {"model": "locksmith_picks_app.player", "pk": 1024, "fields": {"name": "Caleb Martin", "position": "SF", "ppg": 23.1, "rpg": 5.0, "apg": 11.2, "spg": 2.3, "bpg": 1.5, "ppg10": 20.3, "rpg10": 0.4, "apg10": 14.5, "spg10": 4.0, "bpg10": 1.2, "team": 19}}, {"model": "locksmith_picks_app.player", "pk": 1025, "fields": {"name": "Duncan Robinson", "position": "SF", "ppg": 29.7, "rpg": 5.7, "apg": 8.7, "spg": 1.2, "bpg": 0.6, "ppg10": 36.0, "rpg10": 5.6, "apg10": 6.0, "spg10": 1.0, "bpg10": 0.7, "team": 20}}, {"model": "locksmith_picks_app.player", "pk": 1026, "fields": {"name": "Cam Johnson", "position": "PF", "ppg": 19.0, "rpg": 8.9, "apg": 6.0, "spg": 0.6, "bpg": 1.7, "ppg10": 21.3, "rpg10": 8.1, "apg10": 10.4, "spg10": 1.2, "bpg10": 2.2, "team": 8}}, {"model": "locksmith_picks_app.player", "pk": 1027, "fields": {"name": "Moses Moody", "position": "SG", "ppg": 31.4, "rpg": 5.6, "apg": 10.9, "spg": 2.2, "bpg": 1.8, "ppg10": 28.3, "rpg10": 8.5, "apg10": 3.0, "spg10": 1.9, "bpg10": 3.0, "team": 28}}, {"model": "locksmith_picks_app.player", "pk": 1028, "fields": {"name": "Dyson Daniels", "position": "C", "ppg": 18.5, "rpg": 7.6, "apg": 8.0, "spg": 1.8, "bpg": 1.5, "ppg10": 18.9, "rpg10": 10.1, "apg10": 1.1, "spg10": 2.2, "bpg10": 3.2, "team": 24}}, {"model": "locksmith_picks_app.player", "pk": 1029, "fields": {"name": "Precious Achiuwa", "position": "C", "ppg": 18.2, "rpg": 8.8, "apg": 8.6, "spg": 1.9, "bpg": 1.4, "ppg10": 15.9, "rpg10": 8.0, "apg10": 5.7, "spg10": 2.0, "bpg10": 2.4, "team": 4}}, {"model": "locksmith_picks_app.player", "pk": 1030, "fields": {"name": "Davion Mitchell", "position": "SG", "ppg": 32.3, "rpg": 11.8, "apg": 7.9, "spg": 2.1, "bpg": 1.1, "ppg10": 33.9, "rpg10": 10.3, "apg10": 2.5, "spg10": 0.4, "bpg10": 2.7, "team": 12}}, {"model": "locksmith_picks_app.player", "pk": 1031, "fields": {"name": "Obi Toppin", "position": "C", "ppg": 22.9, "rpg": 10.7, "apg": 3.0, "spg": 2.5, "bpg": 1.6, "ppg10": 21.0, "rpg10": 13.5, "apg10": 7.4, "spg10": 1.1, "bpg10": 3.3, "team": 10}}, {"model": "locksmith_picks_app.player", "pk": 1032, "fields": {"name": "Naz Reid", "position": "C", "ppg": 19.1, "rpg": 11.6, "apg": 5.6, "spg": 0.5, "bpg": 1.8, "ppg10": 21.2, "rpg10": 2.5, "apg10": 5.7, "spg10": 1.9, "bpg10": 2.4, "team": 6}}, {"model": "locksmith_picks_app.player", "pk": 1033, "fields": {"name": "Isaiah Joe", "position": "PG", "ppg": 17.8, "rpg": 7.7, "apg": 8.1, "spg": 1.7, "bpg": 2.0, "ppg10": 19.5, "rpg10": 12.4, "apg10": 4.6, "spg10": 0.8, "bpg10": 3.5, "team": 8}}, {"model": "locksmith_picks_app.player", "pk": 1034, "fields": {"name": "Saddiq Bey", "position": "C", "ppg": 30.2, "rpg": 8.0, "apg": 7.6, "spg": 0.6, "bpg": 2.4, "ppg10": 28.7, "rpg10": 6.8, "apg10": 1.6, "spg10": 2.5, "bpg10": 1.9, "team": 16}}, {"model": "locksmith_picks_app.player", "pk": 1035, "fields": {"name": "Josh Hart", "position": "PG", "ppg": 17.8, "rpg": 10.8, "apg": 7.4, "spg": 1.7, "bpg": 0.6, "ppg10": 24.8, "rpg10": 8.7, "apg10": 10.8, "spg10": 1.7, "bpg10": 0.5, "team": 10}}, {"model": "locksmith_picks_app.dvp", "pk": 301, "fields": {"team": 1, "position": "PG", "points_allowed": 23.33, "rebounds_allowed": 8.24, "assists_allowed": 4.83, "steals_allowed": 1.52, "blocks_allowed": 1.23}}, {"model": "locksmith_picks_app.dvp", "pk": 302, "fields": {"team": 1, "position": "SG", "points_allowed": 20.3, "rebounds_allowed": 9.69, "assists_allowed": 4.25, "steals_allowed": 1.11, "blocks_allowed": 0.72}}, {"model": "locksmith_picks_app.dvp", "pk": 303, "fields": {"team": 1, "position": "SF", "points_allowed": 24.92, "rebounds_allowed": 9.61, "assists_allowed": 5.42, "steals_allowed": 1.64, "blocks_allowed": 1.08}}, {"model": "locksmith_picks_app.dvp", "pk": 304, "fields": {"team": 1, "position": "PF", "points_allowed": 21.14, "rebounds_allowed": 8.55, "assists_allowed": 4.96, "steals_allowed": 1.94, "blocks_allowed": 0.62}}, {"model": "locksmith_picks_app.dvp", "pk": 305, "fields": {"team": 1, "position": "C", "points_allowed": 22.81, "rebounds_allowed": 9.15, "assists_allowed": 5.02, "steals_allowed": 1.51, "blocks_allowed": 0.97}}, {"model": "locksmith_picks_app.dvp", "pk": 306, "fields": {"team": 2, "position": "PG", "points_allowed": 24.63, "rebounds_allowed": 8.58, "assists_allowed": 4.86, "steals_allowed": 1.35, "blocks_allowed": 0.75}}, {"model": "locksmith_picks_app.dvp", "pk": 307, "fields": {"team": 2, "position": "SG", "points_allowed": 23.98, "rebounds_allowed": 8.64, "assists_allowed": 4.33, "steals_allowed": 1.54, "blocks_allowed": 1.46}}, {"model": "locksmith_picks_app.dvp", "pk": 308, "fields": {"team": 2, "position": "SF", "points_allowed": 22.83, "rebounds_allowed": 9.36, "assists_allowed": 4.98, "steals_allowed": 1.42, "blocks_allowed": 0.54}}, {"model": "locksmith_picks_app.dvp", "pk": 309, "fields": {"team": 2, "position": "PF", "points_allowed": 20.6, "rebounds_allowed": 8.61, "assists_allowed": 4.67, "steals_allowed": 1.43, "blocks_allowed": 0.57}}, {"model": "locksmith_picks_app.dvp", "pk": 310, "fields": {"team": 2, "position": "C", "points_allowed": 22.95, "rebounds_allowed": 8.04, "assists_allowed": 5.5, "steals_allowed": 1.17, "blocks_allowed": 0.63}}, {"model": "locksmith_picks_app.dvp", "pk": 311, "fields": {"team": 3, "position": "PG", "points_allowed": 22.78, "rebounds_allowed": 8.3, "assists_allowed": 5.08, "steals_allowed": 1.88, "blocks_allowed": 1.05}}, {"model": "locksmith_picks_app.dvp", "pk": 312, "fields": {"team": 3, "position": "SG", "points_allowed": 22.68, "rebounds_allowed": 8.78, "assists_allowed": 4.95, "steals_allowed": 1.99, "blocks_allowed": 1.04}}, {"model": "locksmith_picks_app.dvp", "pk": 313, "fields": {"team": 3, "position": "SF", "points_allowed": 22.41, "rebounds_allowed": 9.46, "assists_allowed": 4.1, "steals_allowed": 1.54, "blocks_allowed": 1.32}}, {"model": "locksmith_picks_app.dvp", "pk": 314, "fields": {"team": 3, "position": "PF", "points_allowed": 24.05, "rebounds_allowed": 8.5, "assists_allowed": 4.47, "steals_allowed": 1.46, "blocks_allowed": 1.36}}, {"model": "locksmith_picks_app.dvp", "pk": 315, "fields": {"team": 3, "position": "C", "points_allowed": 24.12, "rebounds_allowed": 9.82, "assists_allowed": 4.01, "steals_allowed": 1.34, "blocks_allowed": 1.32}}, {"model": "locksmith_picks_app.dvp", "pk": 316, "fields": {"team": 4, "position": "PG", "points_allowed": 24.77, "rebounds_allowed": 9.03, "assists_allowed": 5.95, "steals_allowed": 1.19, "blocks_allowed": 0.76}}, {"model": "locksmith_picks_app.dvp", "pk": 317, "fields": {"team": 4, "position": "SG", "points_allowed": 20.42, "rebounds_allowed": 9.35, "assists_allowed": 5.94, "steals_allowed": 1.82, "blocks_allowed": 1.11}}, {"model": "locksmith_picks_app.dvp", "pk": 318, "fields": {"team": 4, "position": "SF", "points_allowed": 20.47, "rebounds_allowed": 9.63, "assists_allowed": 5.02, "steals_allowed": 1.62, "blocks_allowed": 1.05}}, {"model": "locksmith_picks_app.dvp", "pk": 319, "fields": {"team": 4, "position": "PF", "points_allowed": 21.63, "rebounds_allowed": 9.07, "assists_allowed": 5.01, "steals_allowed": 1.6, "blocks_allowed": 0.89}}, {"model": "locksmith_picks_app.dvp", "pk": 320, "fields": {"team": 4, "position": "C", "points_allowed": 21.82, "rebounds_allowed": 8.36, "assists_allowed": 5.12, "steals_allowed": 1.89, "blocks_allowed": 0.55}}, {"model": "locksmith_picks_app.dvp", "pk": 321, "fields": {"team": 5, "position": "PG", "points_allowed": 23.9, "rebounds_allowed": 8.81, "assists_allowed": 5.34, "steals_allowed": 1.55, "blocks_allowed": 0.76}}, {"model": "locksmith_picks_app.dvp", "pk": 322, "fields": {"team": 5, "position": "SG", "points_allowed": 22.37, "rebounds_allowed": 8.5, "assists_allowed": 5.83, "steals_allowed": 1.62, "blocks_allowed": 1.12}}, {"model": "locksmith_picks_app.dvp", "pk": 323, "fields": {"team": 5, "position": "SF", "points_allowed": 22.18, "rebounds_allowed": 9.33, "assists_allowed": 5.53, "steals_allowed": 1.04, "blocks_allowed": 0.73}}, {"model": "locksmith_picks_app.dvp", "pk": 324, "fields": {"team": 5, "position": "PF", "points_allowed": 22.26, "rebounds_allowed": 8.81, "assists_allowed": 5.02, "steals_allowed": 1.58, "blocks_allowed": 1.34}}, {"model": "locksmith_picks_app.dvp", "pk": 325, "fields": {"team": 5, "position": "C", "points_allowed": 24.82, "rebounds_allowed": 9.05, "assists_allowed": 5.97, "steals_allowed": 1.3, "blocks_allowed": 1.37}}, {"model": "locksmith_picks_app.dvp", "pk": 326, "fields": {"team": 6, "position": "PG", "points_allowed": 23.39, "rebounds_allowed": 8.93, "assists_allowed": 5.2, "steals_allowed": 1.85, "blocks_allowed": 1.03}}, {"model": "locksmith_picks_app.dvp", "pk": 327, "fields": {"team": 6, "position": "SG", "points_allowed": 22.09, "rebounds_allowed": 8.07, "assists_allowed": 4.59, "steals_allowed": 1.81, "blocks_allowed": 1.39}}, {"model": "locksmith_picks_app.dvp", "pk": 328, "fields": {"team": 6, "position": "SF", "points_allowed": 24.99, "rebounds_allowed": 9.65, "assists_allowed": 4.04, "steals_allowed": 1.32, "blocks_allowed": 0.59}}, {"model": "locksmith_picks_app.dvp", "pk": 329, "fields": {"team": 6, "position": "PF", "points_allowed": 20.67, "rebounds_allowed": 9.65, "assists_allowed": 4.9, "steals_allowed": 1.14, "blocks_allowed": 0.7}}, {"model": "locksmith_picks_app.dvp", "pk": 330, "fields": {"team": 6, "position": "C", "points_allowed": 21.45, "rebounds_allowed": 9.39, "assists_allowed": 5.94, "steals_allowed": 1.67, "blocks_allowed": 1.2}}, {"model": "locksmith_picks_app.dvp", "pk": 331, "fields": {"team": 7, "position": "PG", "points_allowed": 24.65, "rebounds_allowed": 9.3, "assists_allowed": 5.53, "steals_allowed": 1.02, "blocks_allowed": 0.59}}, {"model": "locksmith_picks_app.dvp", "pk": 332, "fields": {"team": 7, "position": "SG", "points_allowed": 22.15, "rebounds_allowed": 8.65, "assists_allowed": 5.92, "steals_allowed": 1.57, "blocks_allowed": 0.84}}, {"model": "locksmith_picks_app.dvp", "pk": 333, "fields": {"team": 7, "position": "SF", "points_allowed": 22.29, "rebounds_allowed": 9.98, "assists_allowed": 5.44, "steals_allowed": 1.68, "blocks_allowed": 1.03}}, {"model": "locksmith_picks_app.dvp", "pk": 334, "fields": {"team": 7, "position": "PF", "points_allowed": 20.74, "rebounds_allowed": 8.46, "assists_allowed": 5.0, "steals_allowed": 1.85, "blocks_allowed": 1.14}}, {"model": "locksmith_picks_app.dvp", "pk": 335, "fields": {"team": 7, "position": "C", "points_allowed": 23.35, "rebounds_allowed": 9.81, "assists_allowed": 4.51, "steals_allowed": 1.93, "blocks_allowed": 0.78}}, {"model": "locksmith_picks_app.dvp", "pk": 336, "fields": {"team": 8, "position": "PG", "points_allowed": 24.14, "rebounds_allowed": 9.95, "assists_allowed": 5.1, "steals_allowed": 1.74, "blocks_allowed": 0.72}}, {"model": "locksmith_picks_app.dvp", "pk": 337, "fields": {"team": 8, "position": "SG", "points_allowed": 24.47, "rebounds_allowed": 9.58, "assists_allowed": 5.74, "steals_allowed": 1.46, "blocks_allowed": 0.93}}, {"model": "locksmith_picks_app.dvp", "pk": 338, "fields": {"team": 8, "position": "SF", "points_allowed": 22.93, "rebounds_allowed": 9.27, "assists_allowed": 5.3, "steals_allowed": 1.62, "blocks_allowed": 1.24}}, {"model": "locksmith_picks_app.dvp", "pk": 339, "fields": {"team": 8, "position": "PF", "points_allowed": 24.04, "rebounds_allowed": 9.24, "assists_allowed": 4.44, "steals_allowed": 1.59, "blocks_allowed": 1.23}}, {"model": "locksmith_picks_app.dvp", "pk": 340, "fields": {"team": 8, "position": "C", "points_allowed": 21.87, "rebounds_allowed": 9.07, "assists_allowed": 4.81, "steals_allowed": 1.23, "blocks_allowed": 1.35}}, {"model": "locksmith_picks_app.dvp", "pk": 341, "fields": {"team": 9, "position": "PG", "points_allowed": 20.81, "rebounds_allowed": 8.29, "assists_allowed": 5.98, "steals_allowed": 1.62, "blocks_allowed": 1.22}}, {"model": "locksmith_picks_app.dvp", "pk": 342, "fields": {"team": 9, "position": "SG", "points_allowed": 23.88, "rebounds_allowed": 9.25, "assists_allowed": 4.48, "steals_allowed": 1.01, "blocks_allowed": 0.67}}, {"model": "locksmith_picks_app.dvp", "pk": 343, "fields": {"team": 9, "position": "SF", "points_allowed": 24.47, "rebounds_allowed": 8.1, "assists_allowed": 4.03, "steals_allowed": 1.11, "blocks_allowed": 1.39}}, {"model": "locksmith_picks_app.dvp", "pk": 344, "fields": {"team": 9, "position": "PF", "points_allowed": 20.8, "rebounds_allowed": 9.75, "assists_allowed": 4.09, "steals_allowed": 1.27, "blocks_allowed": 1.15}}, {"model": "locksmith_picks_app.dvp", "pk": 345, "fields": {"team": 9, "position": "C", "points_allowed": 21.79, "rebounds_allowed": 8.82, "assists_allowed": 5.96, "steals_allowed": 1.64, "blocks_allowed": 0.78}}, {"model": "locksmith_picks_app.dvp", "pk": 346, "fields": {"team": 10, "position": "PG", "points_allowed": 24.55, "rebounds_allowed": 8.44, "assists_allowed": 5.21, "steals_allowed": 1.37, "blocks_allowed": 0.51}}, {"model": "locksmith_picks_app.dvp", "pk": 347, "fields": {"team": 10, "position": "SG", "points_allowed": 22.23, "rebounds_allowed": 8.29, "assists_allowed": 5.83, "steals_allowed": 1.49, "blocks_allowed": 1.03}}, {"model": "locksmith_picks_app.dvp", "pk": 348, "fields": {"team": 10, "position": "SF", "points_allowed": 23.03, "rebounds_allowed": 9.04, "assists_allowed": 5.02, "steals_allowed": 1.18, "blocks_allowed": 0.85}}, {"model": "locksmith_picks_app.dvp", "pk": 349, "fields": {"team": 10, "position": "PF", "points_allowed": 23.03, "rebounds_allowed": 8.59, "assists_allowed": 4.1, "steals_allowed": 1.12, "blocks_allowed": 0.76}}, {"model": "locksmith_picks_app.dvp", "pk": 350, "fields": {"team": 10, "position": "C", "points_allowed": 23.45, "rebounds_allowed": 8.7, "assists_allowed": 4.59, "steals_allowed": 1.71, "blocks_allowed": 0.86}}, {"model": "locksmith_picks_app.dvp", "pk": 351, "fields": {"team": 11, "position": "PG", "points_allowed": 24.64, "rebounds_allowed": 9.94, "assists_allowed": 4.29, "steals_allowed": 1.98, "blocks_allowed": 1.22}}, {"model": "locksmith_picks_app.dvp", "pk": 352, "fields": {"team": 11, "position": "SG", "points_allowed": 23.71, "rebounds_allowed": 8.44, "assists_allowed": 4.21, "steals_allowed": 1.11, "blocks_allowed": 1.05}}, {"model": "locksmith_picks_app.dvp", "pk": 353, "fields": {"team": 11, "position": "SF", "points_allowed": 20.93, "rebounds_allowed": 8.4, "assists_allowed": 5.95, "steals_allowed": 1.96, "blocks_allowed": 0.51}}, {"model": "locksmith_picks_app.dvp", "pk": 354, "fields": {"team": 11, "position": "PF", "points_allowed": 24.19, "rebounds_allowed": 9.49, "assists_allowed": 4.16, "steals_allowed": 1.78, "blocks_allowed": 0.65}}, {"model": "locksmith_picks_app.dvp", "pk": 355, "fields": {"team": 11, "position": "C", "points_allowed": 24.84, "rebounds_allowed": 9.0, "assists_allowed": 5.62, "steals_allowed": 1.96, "blocks_allowed": 1.49}}, {"model": "locksmith_picks_app.dvp", "pk": 356, "fields": {"team": 12, "position": "PG", "points_allowed": 23.51, "rebounds_allowed": 9.05, "assists_allowed": 5.91, "steals_allowed": 1.94, "blocks_allowed": 1.36}}, {"model": "locksmith_picks_app.dvp", "pk": 357, "fields": {"team": 12, "position": "SG", "points_allowed": 24.18, "rebounds_allowed": 9.54, "assists_allowed": 5.55, "steals_allowed": 1.5, "blocks_allowed": 1.19}}, {"model": "locksmith_picks_app.dvp", "pk": 358, "fields": {"team": 12, "position": "SF", "points_allowed": 22.24, "rebounds_allowed": 9.59, "assists_allowed": 4.57, "steals_allowed": 1.87, "blocks_allowed": 1.1}}, {"model": "locksmith_picks_app.dvp", "pk": 359, "fields": {"team": 12, "position": "PF", "points_allowed": 21.26, "rebounds_allowed": 8.56, "assists_allowed": 5.9, "steals_allowed": 1.88, "blocks_allowed": 0.74}}, {"model": "locksmith_picks_app.dvp", "pk": 360, "fields": {"team": 12, "position": "C", "points_allowed": 21.61, "rebounds_allowed": 8.65, "assists_allowed": 5.83, "steals_allowed": 1.71, "blocks_allowed": 0.59}}, {"model": "locksmith_picks_app.dvp", "pk": 361, "fields": {"team": 13, "position": "PG", "points_allowed": 24.14, "rebounds_allowed": 8.91, "assists_allowed": 4.47, "steals_allowed": 1.58, "blocks_allowed": 1.34}}, {"model": "locksmith_picks_app.dvp", "pk": 362, "fields": {"team": 13, "position": "SG", "points_allowed": 20.17, "rebounds_allowed": 8.63, "assists_allowed": 5.23, "steals_allowed": 1.47, "blocks_allowed": 0.95}}, {"model": "locksmith_picks_app.dvp", "pk": 363, "fields": {"team": 13, "position": "SF", "points_allowed": 21.7, "rebounds_allowed": 8.65, "assists_allowed": 5.66, "steals_allowed": 1.68, "blocks_allowed": 0.74}}, {"model": "locksmith_picks_app.dvp", "pk": 364, "fields": {"team": 13, "position": "PF", "points_allowed": 24.99, "rebounds_allowed": 9.26, "assists_allowed": 5.11, "steals_allowed": 1.58, "blocks_allowed": 1.05}}, {"model": "locksmith_picks_app.dvp", "pk": 365, "fields": {"team": 13, "position": "C", "points_allowed": 20.28, "rebounds_allowed": 9.61, "assists_allowed": 5.56, "steals_allowed": 1.22, "blocks_allowed": 0.77}}, {"model": "locksmith_picks_app.dvp", "pk": 366, "fields": {"team": 14, "position": "PG", "points_allowed": 22.91, "rebounds_allowed": 8.17, "assists_allowed": 5.86, "steals_allowed": 1.47, "blocks_allowed": 1.08}}, {"model": "locksmith_picks_app.dvp", "pk": 367, "fields": {"team": 14, "position": "SG", "points_allowed": 20.37, "rebounds_allowed": 8.78, "assists_allowed": 5.51, "steals_allowed": 1.25, "blocks_allowed": 1.37}}, {"model": "locksmith_picks_app.dvp", "pk": 368, "fields": {"team": 14, "position": "SF", "points_allowed": 20.28, "rebounds_allowed": 8.45, "assists_allowed": 5.47, "steals_allowed": 1.21, "blocks_allowed": 1.1}}, {"model": "locksmith_picks_app.dvp", "pk": 369, "fields": {"team": 14, "position": "PF", "points_allowed": 22.55, "rebounds_allowed": 8.72, "assists_allowed": 5.77, "steals_allowed": 1.33, "blocks_allowed": 0.97}}, {"model": "locksmith_picks_app.dvp", "pk": 370, "fields": {"team": 14, "position": "C", "points_allowed": 23.98, "rebounds_allowed": 8.16, "assists_allowed": 4.65, "steals_allowed": 1.48, "blocks_allowed": 0.96}}, {"model": "locksmith_picks_app.dvp", "pk": 371, "fields": {"team": 15, "position": "PG", "points_allowed": 20.05, "rebounds_allowed": 9.97, "assists_allowed": 5.72, "steals_allowed": 1.41, "blocks_allowed": 0.62}}, {"model": "locksmith_picks_app.dvp", "pk": 372, "fields": {"team": 15, "position": "SG", "points_allowed": 23.17, "rebounds_allowed": 8.21, "assists_allowed": 5.99, "steals_allowed": 1.08, "blocks_allowed": 1.0}}, {"model": "locksmith_picks_app.dvp", "pk": 373, "fields": {"team": 15, "position": "SF", "points_allowed": 23.24, "rebounds_allowed": 8.84, "assists_allowed": 5.59, "steals_allowed": 1.48, "blocks_allowed": 1.12}}, {"model": "locksmith_picks_app.dvp", "pk": 374, "fields": {"team": 15, "position": "PF", "points_allowed": 24.38, "rebounds_allowed": 9.94, "assists_allowed": 4.3, "steals_allowed": 1.22, "blocks_allowed": 1.23}}, {"model": "locksmith_picks_app.dvp", "pk": 375, "fields": {"team": 15, "position": "C", "points_allowed": 21.09, "rebounds_allowed": 8.69, "assists_allowed": 5.68, "steals_allowed": 1.35, "blocks_allowed": 1.32}}, {"model": "locksmith_picks_app.dvp", "pk": 376, "fields": {"team": 16, "position": "PG", "points_allowed": 20.25, "rebounds_allowed": 8.97, "assists_allowed": 5.23, "steals_allowed": 1.37, "blocks_allowed": 1.33}}, {"model": "locksmith_picks_app.dvp", "pk": 377, "fields": {"team": 16, "position": "SG", "points_allowed": 20.91, "rebounds_allowed": 9.36, "assists_allowed": 5.92, "steals_allowed": 1.26, "blocks_allowed": 0.59}}, {"model": "locksmith_picks_app.dvp", "pk": 378, "fields": {"team": 16, "position": "SF", "points_allowed": 24.78, "rebounds_allowed": 8.11, "assists_allowed": 4.82, "steals_allowed": 1.72, "blocks_allowed": 0.68}}, {"model": "locksmith_picks_app.dvp", "pk": 379, "fields": {"team": 16, "position": "PF", "points_allowed": 23.34, "rebounds_allowed": 8.4, "assists_allowed": 4.06, "steals_allowed": 1.01, "blocks_allowed": 0.71}}, {"model": "locksmith_picks_app.dvp", "pk": 380, "fields": {"team": 16, "position": "C", "points_allowed": 21.35, "rebounds_allowed": 9.53, "assists_allowed": 5.29, "steals_allowed": 1.7, "blocks_allowed": 1.43}}, {"model": "locksmith_picks_app.dvp", "pk": 381, "fields": {"team": 17, "position": "PG", "points_allowed": 21.37, "rebounds_allowed": 8.55, "assists_allowed": 5.14, "steals_allowed": 1.92, "blocks_allowed": 0.68}}, {"model": "locksmith_picks_app.dvp", "pk": 382, "fields": {"team": 17, "position": "SG", "points_allowed": 24.22, "rebounds_allowed": 8.58, "assists_allowed": 4.84, "steals_allowed": 1.34, "blocks_allowed": 1.46}}, {"model": "locksmith_picks_app.dvp", "pk": 383, "fields": {"team": 17, "position": "SF", "points_allowed": 20.38, "rebounds_allowed": 9.43, "assists_allowed": 4.4, "steals_allowed": 1.42, "blocks_allowed": 1.23}}, {"model": "locksmith_picks_app.dvp", "pk": 384, "fields": {"team": 17, "position": "PF", "points_allowed": 20.27, "rebounds_allowed": 9.83, "assists_allowed": 4.42, "steals_allowed": 1.8, "blocks_allowed": 0.98}}, {"model": "locksmith_picks_app.dvp", "pk": 385, "fields": {"team": 17, "position": "C", "points_allowed": 23.92, "rebounds_allowed": 9.47, "assists_allowed": 5.02, "steals_allowed": 1.49, "blocks_allowed": 0.77}}, {"model": "locksmith_picks_app.dvp", "pk": 386, "fields": {"team": 18, "position": "PG", "points_allowed": 24.74, "rebounds_allowed": 8.27, "assists_allowed": 4.29, "steals_allowed": 1.11, "blocks_allowed": 0.54}}, {"model": "locksmith_picks_app.dvp", "pk": 387, "fields": {"team": 18, "position": "SG", "points_allowed": 24.06, "rebounds_allowed": 8.03, "assists_allowed": 4.46, "steals_allowed": 1.48, "blocks_allowed": 1.43}}, {"model": "locksmith_picks_app.dvp", "pk": 388, "fields": {"team": 18, "position": "SF", "points_allowed": 22.1, "rebounds_allowed": 9.0, "assists_allowed": 4.24, "steals_allowed": 1.13, "blocks_allowed": 0.67}}, {"model": "locksmith_picks_app.dvp", "pk": 389, "fields": {"team": 18, "position": "PF", "points_allowed": 23.19, "rebounds_allowed": 8.56, "assists_allowed": 4.7, "steals_allowed": 1.15, "blocks_allowed": 0.8}}, {"model": "locksmith_picks_app.dvp", "pk": 390, "fields": {"team": 18, "position": "C", "points_allowed": 23.85, "rebounds_allowed": 9.81, "assists_allowed": 5.92, "steals_allowed": 1.74, "blocks_allowed": 0.91}}, {"model": "locksmith_picks_app.dvp", "pk": 391, "fields": {"team": 19, "position": "PG", "points_allowed": 23.98, "rebounds_allowed": 9.7, "assists_allowed": 5.28, "steals_allowed": 1.28, "blocks_allowed": 0.72}}, {"model": "locksmith_picks_app.dvp", "pk": 392, "fields": {"team": 19, "position": "SG", "points_allowed": 21.66, "rebounds_allowed": 8.27, "assists_allowed": 4.21, "steals_allowed": 1.47, "blocks_allowed": 1.37}}, {"model": "locksmith_picks_app.dvp", "pk": 393, "fields": {"team": 19, "position": "SF", "points_allowed": 24.97, "rebounds_allowed": 8.32, "assists_allowed": 5.89, "steals_allowed": 1.6, "blocks_allowed": 1.12}}, {"model": "locksmith_picks_app.dvp", "pk": 394, "fields": {"team": 19, "position": "PF", "points_allowed": 21.76, "rebounds_allowed": 8.66, "assists_allowed": 5.24, "steals_allowed": 1.54, "blocks_allowed": 0.6}}, {"model": "locksmith_picks_app.dvp", "pk": 395, "fields": {"team": 19, "position": "C", "points_allowed": 21.6, "rebounds_allowed": 9.46, "assists_allowed": 5.43, "steals_allowed": 1.38, "blocks_allowed": 0.67}}, {"model": "locksmith_picks_app.dvp", "pk": 396, "fields": {"team": 20, "position": "PG", "points_allowed": 24.35, "rebounds_allowed": 8.61, "assists_allowed": 5.94, "steals_allowed": 1.31, "blocks_allowed": 1.26}}, {"model": "locksmith_picks_app.dvp", "pk": 397, "fields": {"team": 20, "position": "SG", "points_allowed": 24.93, "rebounds_allowed": 8.44, "assists_allowed": 5.92, "steals_allowed": 1.1, "blocks_allowed": 0.91}}, {"model": "locksmith_picks_app.dvp", "pk": 398, "fields": {"team": 20, "position": "SF", "points_allowed": 22.24, "rebounds_allowed": 8.06, "assists_allowed": 4.01, "steals_allowed": 1.05, "blocks_allowed": 0.98}}, {"model": "locksmith_picks_app.dvp", "pk": 399, "fields": {"team": 20, "position": "PF", "points_allowed": 24.89, "rebounds_allowed": 8.89, "assists_allowed": 5.24, "steals_allowed": 1.56, "blocks_allowed": 0.8}}, {"model": "locksmith_picks_app.dvp", "pk": 400, "fields": {"team": 20, "position": "C", "points_allowed": 21.61, "rebounds_allowed": 8.06, "assists_allowed": 5.8, "steals_allowed": 1.89, "blocks_allowed": 1.46}}, {"model": "locksmith_picks_app.dvp", "pk": 401, "fields": {"team": 21, "position": "PG", "points_allowed": 20.18, "rebounds_allowed": 9.26, "assists_allowed": 4.81, "steals_allowed": 1.77, "blocks_allowed": 0.58}}, {"model": "locksmith_picks_app.dvp", "pk": 402, "fields": {"team": 21, "position": "SG", "points_allowed": 22.86, "rebounds_allowed": 9.37, "assists_allowed": 5.59, "steals_allowed": 1.3, "blocks_allowed": 1.13}}, {"model": "locksmith_picks_app.dvp", "pk": 403, "fields": {"team": 21, "position": "SF", "points_allowed": 23.84, "rebounds_allowed": 8.7, "assists_allowed": 4.25, "steals_allowed": 1.35, "blocks_allowed": 0.82}}, {"model": "locksmith_picks_app.dvp", "pk": 404, "fields": {"team": 21, "position": "PF", "points_allowed": 23.39, "rebounds_allowed": 9.32, "assists_allowed": 4.64, "steals_allowed": 1.92, "blocks_allowed": 1.2}}, {"model": "locksmith_picks_app.dvp", "pk": 405, "fields": {"team": 21, "position": "C", "points_allowed": 24.48, "rebounds_allowed": 9.34, "assists_allowed": 4.64, "steals_allowed": 1.58, "blocks_allowed": 1.46}}, {"model": "locksmith_picks_app.dvp", "pk": 406, "fields": {"team": 22, "position": "PG", "points_allowed": 21.63, "rebounds_allowed": 9.52, "assists_allowed": 4.46, "steals_allowed": 1.25, "blocks_allowed": 1.02}}, {"model": "locksmith_picks_app.dvp", "pk": 407, "fields": {"team": 22, "position": "SG", "points_allowed": 23.12, "rebounds_allowed": 9.44, "assists_allowed": 5.09, "steals_allowed": 1.14, "blocks_allowed": 0.6}}, {"model": "locksmith_picks_app.dvp", "pk": 408, "fields": {"team": 22, "position": "SF", "points_allowed": 24.47, "rebounds_allowed": 8.88, "assists_allowed": 4.82, "steals_allowed": 1.25, "blocks_allowed": 0.78}}, {"model": "locksmith_picks_app.dvp", "pk": 409, "fields": {"team": 22, "position": "PF", "points_allowed": 24.08, "rebounds_allowed": 8.13, "assists_allowed": 5.49, "steals_allowed": 1.74, "blocks_allowed": 0.53}}, {"model": "locksmith_picks_app.dvp", "pk": 410, "fields": {"team": 22, "position": "C", "points_allowed": 21.28, "rebounds_allowed": 9.69, "assists_allowed": 4.95, "steals_allowed": 1.31, "blocks_allowed": 0.58}}, {"model": "locksmith_picks_app.dvp", "pk": 411, "fields": {"team": 23, "position": "PG", "points_allowed": 22.82, "rebounds_allowed": 8.62, "assists_allowed": 4.9, "steals_allowed": 1.85, "blocks_allowed": 0.62}}, {"model": "locksmith_picks_app.dvp", "pk": 412, "fields": {"team": 23, "position": "SG", "points_allowed": 20.44, "rebounds_allowed": 8.49, "assists_allowed": 4.95, "steals_allowed": 1.63, "blocks_allowed": 1.4}}, {"model": "locksmith_picks_app.dvp", "pk": 413, "fields": {"team": 23, "position": "SF", "points_allowed": 24.7, "rebounds_allowed": 9.59, "assists_allowed": 5.65, "steals_allowed": 1.49, "blocks_allowed": 1.38}}, {"model": "locksmith_picks_app.dvp", "pk": 414, "fields": {"team": 23, "position": "PF", "points_allowed": 23.31, "rebounds_allowed": 9.05, "assists_allowed": 4.18, "steals_allowed": 1.59, "blocks_allowed": 0.55}}, {"model": "locksmith_picks_app.dvp", "pk": 415, "fields": {"team": 23, "position": "C", "points_allowed": 21.3, "rebounds_allowed": 9.03, "assists_allowed": 5.8, "steals_allowed": 1.52, "blocks_allowed": 1.0}}, {"model": "locksmith_picks_app.dvp", "pk": 416, "fields": {"team": 24, "position": "PG", "points_allowed": 24.69, "rebounds_allowed": 9.76, "assists_allowed": 4.85, "steals_allowed": 1.81, "blocks_allowed": 0.89}}, {"model": "locksmith_picks_app.dvp", "pk": 417, "fields": {"team": 24, "position": "SG", "points_allowed": 24.18, "rebounds_allowed": 8.48, "assists_allowed": 4.16, "steals_allowed": 1.2, "blocks_allowed": 0.52}}, {"model": "locksmith_picks_app.dvp", "pk": 418, "fields": {"team": 24, "position": "SF", "points_allowed": 21.71, "rebounds_allowed": 9.79, "assists_allowed": 5.52, "steals_allowed": 1.56, "blocks_allowed": 0.6}}, {"model": "locksmith_picks_app.dvp", "pk": 419, "fields": {"team": 24, "position": "PF", "points_allowed": 24.25, "rebounds_allowed": 8.35, "assists_allowed": 4.3, "steals_allowed": 1.63, "blocks_allowed": 1.3}}, {"model": "locksmith_picks_app.dvp", "pk": 420, "fields": {"team": 24, "position": "C", "points_allowed": 22.8, "rebounds_allowed": 8.09, "assists_allowed": 5.59, "steals_allowed": 1.74, "blocks_allowed": 0.77}}, {"model": "locksmith_picks_app.dvp", "pk": 421, "fields": {"team": 25, "position": "PG", "points_allowed": 21.5, "rebounds_allowed": 9.19, "assists_allowed": 5.22, "steals_allowed": 1.63, "blocks_allowed": 0.97}}, {"model": "locksmith_picks_app.dvp", "pk": 422, "fields": {"team": 25, "position": "SG", "points_allowed": 20.76, "rebounds_allowed": 9.51, "assists_allowed": 4.89, "steals_allowed": 1.74, "blocks_allowed": 1.14}}, {"model": "locksmith_picks_app.dvp", "pk": 423, "fields": {"team": 25, "position": "SF", "points_allowed": 22.45, "rebounds_allowed": 9.02, "assists_allowed": 4.99, "steals_allowed": 1.18, "blocks_allowed": 1.41}}, {"model": "locksmith_picks_app.dvp", "pk": 424, "fields": {"team": 25, "position": "PF", "points_allowed": 24.15, "rebounds_allowed": 9.86, "assists_allowed": 4.76, "steals_allowed": 1.26, "blocks_allowed": 1.01}}, {"model": "locksmith_picks_app.dvp", "pk": 425, "fields": {"team": 25, "position": "C", "points_allowed": 21.14, "rebounds_allowed": 8.19, "assists_allowed": 4.81, "steals_allowed": 1.54, "blocks_allowed": 1.5}}, {"model": "locksmith_picks_app.dvp", "pk": 426, "fields": {"team": 26, "position": "PG", "points_allowed": 20.32, "rebounds_allowed": 9.81, "assists_allowed": 5.65, "steals_allowed": 1.18, "blocks_allowed": 1.05}}, {"model": "locksmith_picks_app.dvp", "pk": 427, "fields": {"team": 26, "position": "SG", "points_allowed": 21.91, "rebounds_allowed": 8.91, "assists_allowed": 5.34, "steals_allowed": 1.86, "blocks_allowed": 1.32}}, {"model": "locksmith_picks_app.dvp", "pk": 428, "fields": {"team": 26, "position": "SF", "points_allowed": 21.38, "rebounds_allowed": 9.22, "assists_allowed": 4.8, "steals_allowed": 1.76, "blocks_allowed": 1.1}}, {"model": "locksmith_picks_app.dvp", "pk": 429, "fields": {"team": 26, "position": "PF", "points_allowed": 21.33, "rebounds_allowed": 8.16, "assists_allowed": 4.61, "steals_allowed": 1.43, "blocks_allowed": 1.45}}, {"model": "locksmith_picks_app.dvp", "pk": 430, "fields": {"team": 26, "position": "C", "points_allowed": 22.61, "rebounds_allowed": 9.7, "assists_allowed": 4.62, "steals_allowed": 1.65, "blocks_allowed": 1.19}}, {"model": "locksmith_picks_app.dvp", "pk": 431, "fields": {"team": 27, "position": "PG", "points_allowed": 20.72, "rebounds_allowed": 9.48, "assists_allowed": 4.13, "steals_allowed": 1.24, "blocks_allowed": 0.87}}, {"model": "locksmith_picks_app.dvp", "pk": 432, "fields": {"team": 27, "position": "SG", "points_allowed": 23.57, "rebounds_allowed": 8.57, "assists_allowed": 4.6, "steals_allowed": 1.49, "blocks_allowed": 0.56}}, {"model": "locksmith_picks_app.dvp", "pk": 433, "fields": {"team": 27, "position": "SF", "points_allowed": 21.06, "rebounds_allowed": 9.27, "assists_allowed": 4.3, "steals_allowed": 1.33, "blocks_allowed": 0.6}}, {"model": "locksmith_picks_app.dvp", "pk": 434, "fields": {"team": 27, "position": "PF", "points_allowed": 21.03, "rebounds_allowed": 9.69, "assists_allowed": 5.19, "steals_allowed": 1.85, "blocks_allowed": 1.36}}, {"model": "locksmith_picks_app.dvp", "pk": 435, "fields": {"team": 27, "position": "C", "points_allowed": 24.43, "rebounds_allowed": 8.05, "assists_allowed": 5.82, "steals_allowed": 1.29, "blocks_allowed": 1.28}}, {"model": "locksmith_picks_app.dvp", "pk": 436, "fields": {"team": 28, "position": "PG", "points_allowed": 24.64, "rebounds_allowed": 8.43, "assists_allowed": 4.49, "steals_allowed": 1.44, "blocks_allowed": 1.48}}, {"model": "locksmith_picks_app.dvp", "pk": 437, "fields": {"team": 28, "position": "SG", "points_allowed": 21.16, "rebounds_allowed": 9.44, "assists_allowed": 5.42, "steals_allowed": 1.61, "blocks_allowed": 1.1}}, {"model": "locksmith_picks_app.dvp", "pk": 438, "fields": {"team": 28, "position": "SF", "points_allowed": 22.91, "rebounds_allowed": 9.55, "assists_allowed": 5.02, "steals_allowed": 1.39, "blocks_allowed": 1.19}}, {"model": "locksmith_picks_app.dvp", "pk": 439, "fields": {"team": 28, "position": "PF", "points_allowed": 21.52, "rebounds_allowed": 8.31, "assists_allowed": 4.42, "steals_allowed": 1.2, "blocks_allowed": 0.7}}, {"model": "locksmith_picks_app.dvp", "pk": 440, "fields": {"team": 28, "position": "C", "points_allowed": 24.47, "rebounds_allowed": 9.84, "assists_allowed": 4.54, "steals_allowed": 1.36, "blocks_allowed": 1.01}}, {"model": "locksmith_picks_app.dvp", "pk": 441, "fields": {"team": 29, "position": "PG", "points_allowed": 22.69, "rebounds_allowed": 8.64, "assists_allowed": 5.02, "steals_allowed": 1.61, "blocks_allowed": 1.18}}, {"model": "locksmith_picks_app.dvp", "pk": 442, "fields": {"team": 29, "position": "SG", "points_allowed": 22.3, "rebounds_allowed": 8.8, "assists_allowed": 4.82, "steals_allowed": 1.36, "blocks_allowed": 1.0}}, {"model": "locksmith_picks_app.dvp", "pk": 443, "fields": {"team": 29, "position": "SF", "points_allowed": 21.89, "rebounds_allowed": 8.28, "assists_allowed": 4.37, "steals_allowed": 1.29, "blocks_allowed": 1.21}}, {"model": "locksmith_picks_app.dvp", "pk": 444, "fields": {"team": 29, "position": "PF", "points_allowed": 24.53, "rebounds_allowed": 8.82, "assists_allowed": 5.79, "steals_allowed": 1.59, "blocks_allowed": 1.03}}, {"model": "locksmith_picks_app.dvp", "pk": 445, "fields": {"team": 29, "position": "C", "points_allowed": 22.1, "rebounds_allowed": 8.96, "assists_allowed": 4.12, "steals_allowed": 1.03, "blocks_allowed": 0.97}}, {"model": "locksmith_picks_app.dvp", "pk": 446, "fields": {"team": 30, "position": "PG", "points_allowed": 21.47, "rebounds_allowed": 8.62, "assists_allowed": 4.05, "steals_allowed": 1.5, "blocks_allowed": 1.14}}, {"model": "locksmith_picks_app.dvp", "pk": 447, "fields": {"team": 30, "position": "SG", "points_allowed": 23.88, "rebounds_allowed": 8.04, "assists_allowed": 5.79, "steals_allowed": 1.96, "blocks_allowed": 0.91}}, {"model": "locksmith_picks_app.dvp", "pk": 448, "fields": {"team": 30, "position": "SF", "points_allowed": 23.77, "rebounds_allowed": 8.92, "assists_allowed": 5.56, "steals_allowed": 1.93, "blocks_allowed": 0.63}}, {"model": "locksmith_picks_app.dvp", "pk": 449, "fields": {"team": 30, "position": "PF", "points_allowed": 24.57, "rebounds_allowed": 8.08, "assists_allowed": 5.31, "steals_allowed": 1.47, "blocks_allowed": 0.91}}, {"model": "locksmith_picks_app.dvp", "pk": 450, "fields": {"team": 30, "position": "C", "points_allowed": 24.93, "rebounds_allowed": 9.54, "assists_allowed": 5.33, "steals_allowed": 1.84, "blocks_allowed": 0.93}}, {"model": "locksmith_picks_app.mailinglistsubscriber", "pk": 1, "fields": {"first_name": "Pranav", "last_name": "Maddula", "favorite_team": 10, "email": "pranavmaddula36@gmail.com"}}, {"model": "locksmith_picks_app.mailinglistsubscriber", "pk": 2, "fields": {"first_name": "", "last_name": "", "favorite_team": null, "email": ""}}]